"Auto Increment","Record ID","Created On","ID Cliente","Nome Empresa","Email Cliente 01","Email Cliente 02","EndereÃ§o Loja (Cliente)","Cliente desde","Data de cadastro no sistema (Cliente)","Dados Empresa","ObservaÃ§Ã£o Cliente","Website Cliente","Tota de ServiÃ§os (Cliente)","ServiÃ§os Pendente de Agendamento (Cliente)","ServiÃ§os Agendados (Cliente)","ServiÃ§os Realizados no mÃªs corrente (Cliente)","ServiÃ§os Aguardando Retorno (Cliente)","ServiÃ§os Cancelados (Cliente)",CNPJ/CPF,Rede,"ServiÃ§os Realizados no mÃªs anterior (Cliente)","Fone Fixo 01 - CLIENTE","Celular 01 - CLIENTE","Fone Fixo 02 - CLIENTE","Celular 02 - CLIENTE",Corretor,"PreferÃªncia da imobiliÃ¡ria para o agendamento","Preferencias da ImobiliÃ¡ria a respeito do serviÃ§o do fotografo","SessÃ£o FotogrÃ¡fica",Ref
ÿþ339,LX6Qa7krZk,"2025-07-31 16:24:19",558,"Yuri corretor",,,,,2025-07-31,,,,0,0,0,0,0,0,,,0,,,,,,,,,
338,0DzjGPOrYp,"2025-07-16 10:23:19",557,"Elaine Corretora",,,,,2025-07-16,,,,1,0,0,1,0,0,,Outros,1,,,,,,,,,
337,kOGQ30Djln,"2025-07-04 11:48:41",556,"Lopes V2MJ",,,"420 Rua Moysés Marcondes, , 80030-410",,2025-07-04,,"CNPJ: 57.487.420/0001-61",,12,5,0,2,0,2,,Lopes,8,,,,,,,,,
336,JawrRzlr5k,"2025-06-20 13:11:32",555,mahal,,,"671 Rua Alberto Bolliger, , 80030-280",,2025-06-20,,,,2,1,0,1,0,0,,,2,,,,,,,,,
335,kVXr7O7rJe,"2025-06-16 13:47:15",554,spazio,SPAZIOIMOVEISCURITIBA@GMAIL.COM,,"718 Rua Mateus Leme, , 80530-010",2025-06-10,2025-06-16,"CONTATO(41) 98711-4443(41) 98711-4443",,,0,0,0,0,0,0,,Outros,0,,,,,,,,,
334,W0VNqOWjml,"2025-05-29 15:31:56",553,"eighth floor",,,"2150 Avenida Rep. Argentina, , 80610-260",2025-05-29,2025-05-29,,,,1,1,0,0,0,0,,Outros,1,,,,,,<p>augusto&nbsp;</p>,,,
333,W4yQk7EQgP,"2025-05-26 19:38:59",552,Spazio,,,,,2025-05-26,,,,3,0,0,2,0,0,,Outros,3,,,,,,,,,
332,B8qQPzVr16,"2025-05-14 03:05:01",551,"H5 Imoveis",,,"1529 Avenida Munhoz da Rocha, , 80035-000",2025-05-12,2025-05-14,"Av Munhoz da Rocha, nº1529, fundos - Cabral - Curitiba / PR - CEP: 80035-000 CRECI: 3942J / Combinado R$ 100,00 com Sr. Fernando",,www.h5imoveis.com.br,1,0,0,1,0,0,,Outros,1,,,,,,,,,
331,mloNLz7jM8,"2025-05-07 18:11:49",550,Marcosul,marcosul.nereu@gmail.com,,"840 Avenida Tomaz Edison de Andrade Vieira, , 83327-160",2025-05-07,2025-05-07,"CRECI: J 5650",,https://www.marcosulimoveis.com.br/,6,3,0,2,0,0,,Outros,6,,,,,,,,,
330,oGWN5B8QlA,"2025-04-15 16:35:26",549,"Novo Mundo",,,,2025-03-01,2025-04-15,oGWN5B8QlA,,,42,0,1,1,0,0,,Apolar,8,,,,,,,,,
329,3xPjX56rKG,"2025-04-03 17:34:50",536,"Maria Luiza",,,,2025-04-03,2025-04-03,,,,2,0,0,2,0,0,,Outros,2,,,,,,,,,
328,l5nQxlbQxY,"2025-03-26 16:26:37",535,Solos,solos@solosimobiliaria.com.br,,,2025-03-26,2025-03-26,"Solos Planejamento Imobiliário 
solos@solosimobiliaria.com.br
Cnpj 52.236.961/0001-01",,www.solosimobiliaria.com.br,1,0,0,0,0,0,,Outros,1,,,,,,,,,
327,m72Np7vrwv,"2025-03-17 21:05:40",534,"Camila Borges",camila.c.borges@gmail.com,,,2025-03-17,2025-03-17,"ex corretora da VivaVille 55 41 9845-3343",,,3,0,0,1,0,0,,Outros,3,,,,,,,,,
326,4Z9Q2JmQ2m,"2025-03-11 15:58:43",533,"LC Sampaio",vendas@lcsampaioimoveis.com.br,,"212 Rua Odair Pazello, , 81130-080",2025-03-11,2025-03-11,"CRECI: 06303J / (41) 3019-8048 / 28.797.079/0001-42",,www.lcsampaioimoveis.com.br,1,0,0,0,0,0,,Outros,1,,,,,,,,,
325,7oOjDwMQB9,"2024-12-17 17:48:34",532,,,,,,2024-12-17,,,,0,0,0,0,0,0,,,0,,,,,,,,,
324,ObEjEz0rK5,"2024-12-17 17:48:31",531,CONQUI,,,,,2024-12-17,,,,4,0,0,0,0,0,,Outros,1,,,,,,,,,
323,4YZjndRNPv,"2024-12-02 16:40:59",530,"RC Imoveis",,,"2435 Rua Ourizona, , 81920-620",2024-12-02,2024-12-02,"RC EMPREENDIMENTOS IMOBILIÁRIOS RONI CESAR LAITNER DE LIMA E CIA LTDA 
CNPJ 04.740.179/0001-74 
RUA OURIZONA 2435 SÍTIO CERCADO 
FONE 3015-7770 
CELULAR 988023144",,https://imobiliariarc.com.br,4,0,0,4,0,0,,Outros,4,,,,,,,,,
321,pPEry2yNOn,"2024-11-11 12:45:06",528,"Casa7 imóveis",,,,,2024-11-11,,,,0,1,0,0,0,0,,Outros,0,,,,,,,,,
320,DkMjmyKjvV,"2024-10-15 17:26:43",527,iQuattro,,,,,2024-10-15,,,,10,0,0,0,0,3,,Outros,0,,,,,,,,,
319,X9EjVDqNo2,"2024-10-08 17:50:17",526,"Laura Tanios",,,,,2024-10-08,,,,6,0,0,0,0,1,,Outros,0,,,,,,,,,
318,3GDN1WRjeq,"2024-10-08 17:48:44",525,,,,,,2024-10-08,,,"Laura Tanios Curadoria Imobiliária",0,0,0,0,0,0,,Outros,0,,,,,,,,,
317,6b1rAp1jKk,"2024-09-30 10:32:27",524,"JYO Valença - Julia",,,,2024-09-30,2024-09-30,10.920.029/0001-45,,,1,0,0,1,0,0,,Outros,1,,,,,,,,,
316,K68j9OlN2V,"2024-09-26 15:27:37",523,"Rogerio Castilhos AUTONOMO",,,,,2024-09-26,,,,1,0,0,0,0,0,,Outros,1,,,,,,,,,
315,DVarwllNOR,"2024-08-16 17:29:53",522,"CAMILA / DANI",,,,,2024-08-16,,,,0,0,2,0,0,0,,Outros,0,,,,,,,,,
314,L5MjK6MQ0k,"2024-08-14 14:30:44",521,"RG IMÓVEIS",,,,,2024-08-14,,,,1,0,0,1,0,0,,Outros,1,,,,,,,,,
313,VX9QoV9NwY,"2024-08-10 10:41:55",520,"Ninon autonoma",,,,,2024-08-10,,,,3,0,1,0,0,0,,Outros,0,,,,,,,,,
312,JDXQ8OgNYR,"2024-08-09 10:03:57",519,,,,,,2024-08-09,,,,0,0,0,0,0,0,,,0,,,,,,,,,
311,q3kjZM5Q6V,"2024-08-09 10:03:55",518,"Valsa Homes",,,,,2024-08-09,,,,129,4,10,9,0,17,,Outros,15,,,,,,,,,
310,698rd7OjZw,"2024-08-06 17:50:11",517,"ANA WILKE E DANI",,,,,2024-08-06,,,,0,0,0,0,0,0,,Outros,0,,,,,,,,,
309,K2ejl96ro9,"2024-08-06 17:49:40",516,,,,,,2024-08-06,,,,0,0,0,0,0,0,,,0,,,,,,,,,
308,eykNOzPrDY,"2024-08-06 17:49:37",515,,,,,,2024-08-06,,,,0,0,0,0,0,0,,,0,,,,,,,,,
307,lGArgaqQmR,"2024-08-06 17:49:25",514,"ANA WILKE e DANI",,,,,2024-08-06,,,,0,0,1,0,0,0,,Outros,0,,,,,,,,,
306,o6WQb5VNnB,"2024-08-03 19:44:44",513,"Camila Miranda Corretora",,,,,2024-08-03,,,,1,0,0,1,0,0,,Outros,1,,,,,,,,,
305,oaANBDvj1b,"2024-07-02 15:17:24",512,"W Investments",,,,,2024-07-02,,,,8,0,1,0,0,0,,Outros,1,,,,,,,,,
304,4PzQ489QJG,"2024-06-12 15:56:00",511,,,,,,2024-06-12,,,,0,0,0,0,0,0,,,0,,,,,,,,,
303,5m9N09BQzq,"2024-06-12 15:55:58",510,,,,,,2024-06-12,"cnpj: 09168174000132",,,0,0,0,0,0,0,,,0,,,,,,,,,
302,4MXQJqaNZ6,"2024-06-12 15:55:45",509,Bellos,,,"246 Rua Frederico Cantarelli, , 80710-240",2024-06-12,2024-06-12,,,https://www.bellosimoveis.com.br/,0,0,0,0,0,0,,Outros,0,,,,,,,,,
301,DVWQWvGNZ4,"2024-06-12 15:51:24",508,Bellos,,,,,2024-06-12,,,,1,0,0,1,0,0,,Outros,1,,,,,,,,,
300,ka6jMJ3r75,"2024-06-05 16:35:17",507,"Roberto autonomo",,,,,2024-06-05,,,,1,0,0,1,0,0,,Outros,1,,,,,,,,,
299,q3kjZoxr6V,"2024-05-21 15:27:09",506,KS,,,,,2024-05-21,,,,1,0,0,1,0,0,,Outros,1,,,,,,,,,
298,698rdvkQZw,"2024-04-18 16:44:11",505,"ÚNIKO NEGOCIOS IMOBILIÁRIOS",,,,,2024-04-18,,,,1,0,0,1,0,0,,Outros,1,,,,,,,,,
297,K2ejl0Bjo9,"2024-03-28 15:05:41",504,Pina,,,,,2024-03-28,,,,1,1,0,1,0,0,,Outros,1,,,,,,,,,
296,eykNO4dQDY,"2024-02-22 11:03:39",503,"Claro Imobiliária",,,,,2024-02-22,,,,7,0,0,0,0,0,,Outros,1,,,,,,,,,
295,lGArgaPQmR,"2024-01-29 18:43:11",502,"cláudia particular",,,,,2024-01-29,,,,1,0,0,0,0,0,,Outros,0,,,,,,,,,
294,o6WQb5BNnB,"2024-01-29 18:38:57",501,,,,,,2024-01-29,,,,0,0,0,0,0,0,,,0,,,,,,,,,
293,oaANBDZj1b,"2024-01-29 18:38:51",500,"Cáudia particular",,,,,2024-01-29,,,,0,0,0,0,0,0,,Outros,0,,,,,,,,,
292,4PzQ48gQJG,"2024-01-09 18:24:54",499,"Rodrigo Dias Autônomo",,,,,2024-01-09,,,,1,0,0,0,0,0,,Outros,0,,,,,,,,,
291,5m9N09xQzq,"2023-12-23 09:52:25",498,"vivi autonoma",,,,,2023-12-23,,,,0,0,0,0,0,1,,Outros,0,,,,,,,,,
290,4MXQJqKNZ6,"2023-12-21 17:41:25",497,"VICENTE PARTICULAR",,,,,2023-12-21,,,,1,0,0,0,0,0,,Outros,1,,,,,,,,,
289,DVWQWv4NZ4,"2023-12-18 09:38:27",496,"Chay Particular",,,,,2023-12-18,,,,1,0,0,0,0,0,,Outros,0,,,,,,,,,
288,ka6jMJ9r75,"2023-12-15 13:12:48",495,"Frentte Imóveis",,,,,2023-12-15,,,,2,0,0,0,0,0,,Outros,0,,,,,,,,,
287,P74QYzEjBE,"2023-12-11 13:42:26",494,,,,,,2023-12-11,,,,0,0,0,0,0,0,,,0,,,,,,,,,
286,4AXQvoZjLY,"2023-12-11 13:42:19",493,"Particular andre luis rausch",,,,,2023-12-11,"André Luís Neves Aguilar
CPF 599.702.279-04",,,1,0,0,0,0,0,,Outros,0,,,,,,,,,
285,53GN6GzQzx,"2023-11-24 13:18:11",492,"Elizete Autonôma",,,,,2023-11-24,,,,1,0,0,0,0,0,,Outros,0,,,,,,,,,
284,M03rzZOr69,"2023-11-24 12:01:07",491,"Elizete Particular",,,,,2023-11-24,,,,0,0,0,0,0,0,,Outros,0,,,,,,,,,
283,LX6QaqXQZk,"2023-11-20 09:13:23",490,"Arthur Schuchovski Particular",,,,,2023-11-20,,,,1,0,0,0,0,0,,Outros,0,,,,,,,,,
282,0DzjGRLQYp,"2023-11-18 11:24:18",489,CAM,,,,,2023-11-18,,,,1,0,0,0,0,0,,Outros,0,,,,,,,,,
281,kOGQ3ZMNln,"2023-11-04 10:40:02",488,,,,,,2023-11-04,,,,0,0,0,0,0,0,,,0,,,,,,,,,
280,JawrRPaQ5k,"2023-11-04 10:39:57",487,"Terezinha autonoma",,,,,2023-11-04,,,,1,0,0,0,0,0,,Outros,0,,,,,,,,,
279,kVXr7RojJe,"2023-09-28 16:01:00",486,"Vente Imóveis",,,,,2023-09-28,,,,1,0,0,0,0,0,,Outros,0,,,,,,,,,
278,W0VNq6xQml,"2023-09-18 12:31:59",485,"Ervin Particular",,,,,2023-09-18,,,,1,0,0,0,0,0,,Outros,0,,,,,,,,,
277,W4yQkJ6NgP,"2023-09-14 15:17:13",484,"Bruno Sampaio - Autônomo",,,,,2023-09-14,,,,1,0,0,0,0,0,,Outros,0,,,,,,,,,
276,B8qQPB0r16,"2023-09-01 17:55:04",483,"Yuri Autonomo",,,,,2023-09-01,,,,1,0,0,0,0,0,,Outros,1,,,,,,,,,
275,mloNLWYrM8,"2023-08-11 17:35:49",482,"Luciano Autônomo",,,,,2023-08-11,,,,2,0,0,1,0,0,,Outros,1,,,,,,,,,
274,oGWN5oRjlA,"2023-07-20 16:11:08",481,C3,,,,,2023-07-20,,,,13,1,0,0,2,8,,Outros,1,,,,,,,,,
273,3xPjXRpNKG,"2023-06-26 17:45:00",480,"Gleisson Particular",,,,,2023-06-26,,,,1,0,0,0,0,0,,Outros,0,,,,,,,,,
272,l5nQxExjxY,"2023-05-25 16:39:31",479,Dina,,,,,2023-05-25,,,,4,1,0,0,0,0,,Outros,2,,,,,,,,,
271,m72Npg7rwv,"2023-05-10 16:32:25",478,"Thiago Autônomo",,,,,2023-05-10,,,,1,0,0,0,0,0,,Outros,0,,,,,,,,,
270,4Z9Q2yyN2m,"2023-05-24 15:56:21",477,Chimenes,,,,,2023-05-04,,,,1,0,0,0,0,0,,Outros,0,,,,,,,,,
269,7oOjD2qNB9,"2023-04-29 12:27:09",476,"Andre Autonomo",,,,,2023-04-29,,,,0,0,0,0,0,1,,Outros,0,,,,,,,,,
268,ObEjERGrK5,"2023-04-29 12:24:53",475,,,,,,2023-04-29,,,,0,0,0,0,0,0,,,0,,,,,,,,,
267,4YZjnYmQPv,"2023-04-29 12:24:48",474,"Global Trade",,,,,2023-04-29,,,,1,0,0,0,0,0,,Outros,0,,,,,,,,,
266,PblNeRaQxw,"2023-05-02 10:09:37",473,Business,,,,,2023-04-28,,,,4,0,0,0,0,0,,Remax,0,,,,,,,,,
265,pPEryZdNOn,"2023-04-12 17:08:51",472,Thaysa,,,,,2023-04-12,,,,1,0,0,0,0,0,,Outros,1,,,,,,,,,
264,DkMjm47QvV,"2023-04-12 15:24:07",471,Invictta,,,,,2023-04-12,,,,2,1,0,0,0,0,,Outros,0,,,,,,,,,
263,X9EjVmMQo2,"2024-02-01 11:35:29",470,JBA,,,,,2023-04-11,"JBA - Vitrine do Imóvel	

* Sessão fotográfica	 R$ 120,00
Em Curitiba e com duração de até 60min. Passando de 60min, meia sessão a cada 30min. Entrega em até 2 dias úteis via Google Drive
----------------------------------------------------------------

* Video em Solo	 R$ 150,00
até 01:30. Entrega em até 2 dias úteis via Google Drive

* Reels em Solo	 R$ 150,00
até 01:00. Entrega em até 2 dias úteis via Google Drive

* Combo Video + Reels em Solo R$ 210,00
até 01:30. Entrega em até 2 dias úteis via Google Drive
----------------------------------------------------------------

* Drone (Fotos)	 R$ 350,00
até 15 imagens. Entrega em até 2 dias úteis via Google Drive

* Drone (Fotos + vídeo)	 R$ 450,00
até 15 imagens + até 01:30 de vídeo. Entrega em até 2 dias úteis via Google Drive

* Drone (foto 360º)	 R$ 250,00
pela primeira imagem demais imagens R$ 150,00. Entrega em até 2 dias úteis via Google Drive

----------------------------------------------------------------
* Tour virtual 360°	 R$ 180,00
ate 10 fotos. Foto adicional 18,00. Entrega em até 2 dias úteis via Link pronto para uso (copiar e colar)",,,17,0,0,4,0,1,,Outros,5,,,,,,,,,
262,3GDN1EYNeq,"2023-03-16 18:18:18",469,Quandt,,,,,2023-03-16,,,,1,0,0,0,0,0,,Outros,0,,,,,,,,,
261,6b1rADvjKk,"2023-03-15 17:27:14",468,"Cesar Construtor",,,,,2023-03-15,,,,1,0,0,0,0,0,,Outros,0,,,,,,,,,
260,K68j9Vyr2V,"2023-03-07 12:18:38",467,Bender,,,,,2023-03-07,,,,0,0,0,0,0,0,,Outros,0,,,,,,,,,
259,DVarwx3NOR,"2023-02-13 12:43:24",466,Capitólio,,,,,2023-02-13,,,,1,0,0,0,0,0,,Outros,0,,,,,,,,,
258,L5MjK2zQ0k,"2023-02-10 16:53:56",465,JLA,,,,,2023-02-10,,,,1,0,0,0,0,0,,Outros,0,,,,,,,,,
257,VX9Qo9GrwY,"2023-02-02 14:43:55",464,"Tantus XM7",,,,,2023-02-02,,,,2,0,0,0,0,0,,Bee,0,,,,,,,,,
256,JDXQ813jYR,"2023-01-25 09:50:14",463,,,,,,2023-01-25,,,,0,0,0,0,0,0,,,0,,,,,,,,,
255,q3kjZRxj6V,"2023-01-25 09:50:07",462,"Helen Kityane",,,,,2023-01-25,,,,1,0,0,0,0,0,,Outros,0,,,,,,,,,
254,698rdPkrZw,"2023-01-24 12:23:52",461,"Pierre Particular",,,,,2023-01-24,,,,2,0,0,0,0,0,,Outros,0,,,,,,,,,
253,K2ejloBQo9,"2023-05-02 11:13:05",460,"LOPES Home VJ",,,,,2023-01-23,,,,81,5,3,1,0,9,,Lopes,9,,,,,,,,,
252,eykNOqdjDY,"2023-01-13 10:46:33",459,AKMX,,,,,2023-01-13,,,,2,0,0,0,0,0,,Outros,0,,,,,,,,,
251,lGArg3PrmR,"2023-01-04 15:07:35",458,Abrão,,,,,2023-01-04,,,,4,0,0,0,0,0,,Outros,0,,,,,,,,,
250,o6WQbpBrnB,"2022-12-15 17:13:16",457,Marcelo,,,,,2022-12-15,,,,1,0,0,0,0,0,,Outros,0,,,,,,,,,
249,oaANB1Zr1b,"2022-12-14 13:46:53",456,Royale,,,,,2022-12-14,,,,1,0,0,0,0,0,,Remax,0,,,,,,,,,
248,4PzQ4mgjJG,"2022-12-14 13:46:44",455,"Team Work",,,,,2022-12-14,,,,2,0,0,0,0,0,,Remax,0,,,,,,,,,
247,5m9N0ExQzq,"2022-12-14 13:46:29",454,Expertise,,,,,2022-12-14,,,,8,0,1,0,0,0,,Remax,0,,,,,,,,,
246,4MXQJwKjZ6,"2022-12-14 08:03:21",453,Vivacon,,,,,2022-12-14,,,,31,2,0,2,0,4,,Outros,3,,,,,,,,,
245,DVWQWq4rZ4,"2022-10-10 09:42:15",452,"Eugenio Autonomo",,,,,2022-10-10,,,,2,0,0,0,0,0,,Outros,0,,,,,,,,,
244,ka6jMY9j75,"2022-09-27 11:32:48",451,"Alex Particular",,,,,2022-09-27,,,,1,0,0,0,0,0,,Outros,0,,,,,,,,,
243,P74QYREjBE,"2022-09-23 16:18:10",450,"RIA (Franqueadora)",,,,,2022-09-23,,,,0,0,1,0,0,0,,Apolar,0,,,,,,,,,
242,4AXQv2ZQLY,"2022-09-19 16:40:46",449,"Claudio Ex Lopes",,,,,2022-09-19,,,,2,0,0,0,0,0,,Outros,0,,,,,,,,,
241,53GN6Dzjzx,"2022-09-17 10:40:01",448,"Paulo Celles",,,,,2022-09-17,,,,52,1,8,1,0,5,,Outros,1,,,,,,,,,
240,M03rzkON69,"2022-09-06 17:22:58",447,MMRocha,,,,,2022-09-06,,,,1,0,0,0,0,0,,Outros,0,,,,,,,,,
239,LX6QagXrZk,"2022-08-18 17:39:28",446,"Prime Business",,,,,2022-08-16,,,,4,0,1,0,0,0,,Outros,0,,,,,,,,,
238,0DzjG6LQYp,"2022-08-02 11:01:50",445,CNI,,,,,2022-08-02,,,,28,0,0,0,0,3,,Outros,0,,,,,,,,,
237,kOGQ3GMQln,"2022-08-03 10:50:11",444,"Vitória Régia",,,,,2022-07-29,,,,2,0,0,0,0,0,,Outros,0,,,,,,,,,
236,JawrRZar5k,"2022-07-23 09:43:27",443,"Orlando Autonomo",,,,,2022-07-23,,,,4,0,0,0,0,1,,Outros,0,,,,,,,,,
235,kVXr7YoQJe,"2022-07-13 10:21:20",442,Composto,,,,,2022-07-13,,,,1,0,0,0,0,0,,Outros,0,,,,,,,,,
234,W0VNq2xQml,"2022-07-05 10:16:04",441,"Célia Autônoma",,,,,2022-07-05,,,,5,0,0,0,0,2,,Outros,0,,,,,,,,,
233,W4yQkm6rgP,"2022-06-30 17:37:31",440,"Corretor Junior",,,,,2022-06-30,,,,1,0,0,0,0,0,,Outros,0,,,,,,,,,
232,B8qQPq0j16,"2022-06-30 17:36:33",439,"Corretor Junior",,,,,2022-06-30,,,,0,0,0,0,0,0,,,0,,,,,,,,,
231,mloNLEYQM8,"2022-06-28 15:44:39",438,"F Rio Grande",,,,,2022-06-28,,,,0,1,0,0,0,0,,Apolar,0,,,,,,,,,
230,oGWN51RNlA,"2022-06-27 16:49:18",437,Terrasse,,,,,2022-06-27,,,,0,0,0,0,0,0,,Outros,0,,,,,,,,,
229,3xPjXvpNKG,"2022-06-25 11:06:45",436,Bergonse,,,,,2022-06-25,,,,2,0,0,0,0,1,,Outros,0,,,,,,,,,
228,l5nQxdxQxY,"2022-06-23 13:48:38",435,"Mariana Autonoma",,,,,2022-06-23,,,,1,0,0,0,0,0,,Outros,0,,,,,,,,,
227,m72Np27jwv,"2022-06-23 11:59:42",434,"Rosangela Ferrarini",,,,,2022-06-23,,,,0,0,0,0,0,0,,Outros,0,,,,,,,,,
226,4Z9Q2Xyr2m,"2022-06-20 15:33:49",433,"Airton Men Consultoria",,,,,2022-06-20,,,,6,0,0,0,0,0,,Outros,0,,,,,,,,,
225,7oOjDqqrB9,"2022-06-06 17:15:00",432,"Cézar Fernando",,,,,2022-06-06,,,,1,0,0,0,0,0,,Outros,0,,,,,,,,,
224,ObEjEqGjK5,"2022-05-23 11:05:25",431,"Paraiso Gold",,,,,2022-05-23,,,,2,0,0,0,0,0,,Outros,0,,,,,,,,,
223,4YZjn7mrPv,"2022-05-13 17:01:29",430,"Sala 77",,,,,2022-05-13,,,,5,0,0,0,0,0,,Outros,0,,,,,,,,,
222,PblNedarxw,"2022-05-13 11:24:32",429,Experato,,,,,2022-05-13,,,,7,0,0,0,0,0,,Outros,0,,,,,,,,,
221,pPEryYdrOn,"2022-05-10 17:26:51",428,"Carlos Corretor Autônomo",,,,,2022-05-10,,,,1,0,0,0,0,0,,Outros,0,,,,,,,,,
219,X9EjVyMQo2,"2022-04-13 09:55:41",426,Nkimob,,,,,2022-04-13,,,,35,0,0,0,1,9,,Outros,0,,,,,,,,,
218,3GDN1XYreq,"2022-03-23 18:08:06",425,Progresso,,,,,2022-03-23,,,,34,3,1,4,0,11,,Outros,4,,,,,,,,,
217,6b1rAAvrKk,"2022-03-09 20:06:27",424,"Hanei Minoru",,,,,2022-03-04,,,,2,0,1,0,0,0,,Outros,0,,,,,,,,,
216,K68j9eyj2V,"2022-03-09 20:06:48",423,Società,,,,,2022-03-04,,,,4,0,0,0,0,0,,Outros,0,,,,,,,,,
215,DVarwO3rOR,"2022-03-04 08:16:43",422,"Angela Corretora Autônoma",,,,,2022-03-04,,,,1,0,0,0,0,1,,Outros,0,,,,,,,,,
214,L5MjKnzQ0k,"2022-02-26 08:26:08",421,Maê,,,,,2022-02-26,,,,2,0,0,0,0,0,,Outros,0,,,,,,,,,
213,VX9QobGNwY,"2022-02-21 10:22:24",420,"Gileade Autônomo",,,,,2022-02-16,,,,4,0,0,0,0,0,,Outros,0,,,,,,,,,
212,JDXQ8g3NYR,"2022-02-14 16:52:40",419,Emilene,,,,,2022-02-14,,,,0,0,0,0,0,1,,Outros,0,,,,,,,,,
211,q3kjZ7xr6V,"2022-02-04 17:23:41",418,Remax,,,,,2022-02-04,,,,0,0,0,0,0,0,,Outros,0,,,,,,,,,
210,698rddkrZw,"2022-02-03 16:49:41",417,"Erick Avellar",,,,,2022-02-03,,,,1,0,0,0,0,0,,Outros,0,,,,,,,,,
209,K2ejlyBro9,"2022-02-03 15:06:29",416,"Júlia Yoschie",,,,,2022-02-03,,,,3,0,0,0,0,1,,Outros,0,,,,,,,,,
208,eykNOOdNDY,"2022-02-01 12:25:17",415,TKR,,,,,2022-02-01,,,,1,0,0,0,0,0,,Outros,0,,,,,,,,,
207,lGArgZPjmR,"2022-01-26 09:53:22",414,Personnalité,,,,,2022-01-26,,,,25,0,1,0,0,1,,Apolar,1,,,,,,,,,
206,o6WQbOBjnB,"2022-01-24 16:58:11",413,"Martin Imóveis",,,,,2022-01-24,,,,10,0,0,0,0,2,,Outros,0,,,,,,,,,
205,oaANB2ZN1b,"2022-01-24 16:57:14",412,"Martin Imóveis",,,,,2022-01-24,,,,0,1,0,0,0,0,,,0,,,,,,,,,
204,4PzQ4GgNJG,"2022-02-16 08:10:59",411,"Hairton Corretor Autônomo",,,,,2022-01-24,,,,4,0,0,1,0,0,,Outros,2,,,,,,,,,
203,5m9N0Gxrzq,"2022-01-24 11:42:43",410,"Shalom Imóveis",,,,,2022-01-24,,,,18,0,0,0,0,2,,Outros,0,,,,,,,,,
202,4MXQJDKrZ6,"2021-12-16 12:13:19",409,Ferrarini,,,,,2021-12-16,,,,6,1,0,0,0,1,,Outros,1,,,,,,,,,
201,DVWQWy4rZ4,"2021-12-08 12:03:03",408,Práxis,,,,,2021-12-08,,,,16,0,1,0,1,0,,Outros,0,,,,,,,,,
200,ka6jMP9Q75,"2021-11-17 11:56:10",407,"DVB Imóveis",,,,,2021-11-17,,,,11,0,0,0,0,1,,Outros,0,,,,,,,,,
199,q3kjZ7Er6V,"2021-11-03 15:03:08",406,"Sandra Corretora",,,,,2021-11-03,,,,1,0,0,0,0,0,,Outros,0,,,,,,,,,
198,698rddnrZw,"2021-10-26 10:04:21",405,"Le Monde",,,,,2021-10-26,,,,1,0,0,1,0,1,,Outros,1,,,,,,,,,
197,K2ejly3ro9,"2021-10-20 19:57:51",404,"AKG Imóveis",,,,,2021-10-20,,,,2,0,0,0,0,0,,Outros,0,,,,,,,,,
196,eykNOOBNDY,"2021-08-31 17:43:31",403,Habitarium,,,,,2021-08-31,,,,3,1,0,0,0,0,,Outros,1,,,,,,,,,
195,lGArgZkjmR,"2021-08-16 16:15:01",402,Magnifica,,,,,2021-08-16,,,,47,2,0,1,0,8,,Outros,2,,,,,,,,,
194,o6WQbOdjnB,"2021-08-12 12:22:42",401,"Adriany Rodrigues",,,,,2021-08-12,,,,13,2,0,0,0,1,,Outros,2,,,,,,,,,
193,oaANB2wN1b,"2021-07-21 12:32:27",400,Lemonde,,,,,2021-07-21,,,,3,0,0,0,0,0,,Outros,2,,,,,,,,,
192,4PzQ4GJNJG,"2021-06-16 16:39:18",399,"Pedro Felippe",,,,,2021-06-16,,,,0,0,0,0,0,0,,Outros,0,,,,,,,,,
191,5m9N0Gbrzq,"2021-06-15 16:05:49",398,"Gracco de Souza",,,,,2021-06-15,,,,2,0,0,0,0,0,,Outros,0,,,,,,,,,
190,4MXQJDxrZ6,"2021-06-22 10:36:55",397,"SNI - Souza Negócios Imobiliários",,,,,2021-06-02,,,,3,0,0,0,0,1,,Outros,0,,,,,,,,,
188,ka6jMPMQ75,"2021-05-26 09:20:58",395,"Souza Negócios Imobiliários",,,,,2021-05-26,,,,1,0,0,1,0,1,,Outros,1,,,,,,,,,
187,P74QYvLjBE,"2021-05-06 12:35:47",394,"Estado Maior",,,,,2021-05-06,,,,3,0,0,0,0,0,,Outros,0,,,,,,,,,
186,4AXQvKxjLY,"2021-04-29 16:29:51",393,AJR,,,,,2021-04-29,,,,44,0,0,0,0,5,,Outros,0,,,,,,,"Andre Jao",,
185,53GN6KVQzx,"2021-04-28 13:29:10",392,"Casa ao Lado",,,,,2021-04-28,"MURALHA / JOSUÉ / FUTURA",,,346,10,57,0,2,58,,Bee,0,,,,,,,,,
184,M03rz2Ar69,"2021-04-19 17:58:26",391,Treèle,,,,,2021-04-19,,,,1,0,0,0,0,0,,Outros,1,,,,,,,,,
182,0DzjGeRNYp,"2021-03-12 10:47:52",389,"Antonio Prieto",,,,,2021-03-08,,,,5,0,0,0,0,0,,Outros,0,,,,,,,,,
181,kOGQ37GQln,"2021-03-03 09:56:47",388,"Andrea Olsen",,,,,2021-03-03,,,,1,0,0,1,0,0,,Outros,1,,,,,,,,,
180,JawrRqqj5k,"2022-01-14 13:20:24",387,Rebouças,,,"695 Rua Nunes Machado, , 80220-070",,2021-03-01,,,,71,1,1,3,0,6,,Apolar,11,4132226745,,,,,,,,
179,kVXr7gbrJe,"2021-02-23 08:47:07",386,"Reveste Interiores",,,,,2021-02-23,,,,1,0,0,0,0,2,,Outros,0,,,,,,,,,
177,W4yQkw3QgP,"2021-02-08 17:18:30",384,CTBA,,,,,2021-02-08,,,,1,0,0,0,0,0,,Outros,0,,,,,,,,,
176,B8qQPEnj16,"2021-01-27 13:13:34",383,"Viviane Trzeiak",,,,,2021-01-27,,,,2,0,0,2,0,0,,Outros,2,,,,,,,,,
175,mloNLRnjM8,"2021-01-08 12:28:54",382,Fanny,,,,,2021-01-08,,,,1,0,0,1,0,2,,Apolar,1,,,,,,,,,
174,oGWN5G9jlA,"2021-01-08 12:09:09",381,"B Alto",,,,,2021-01-08,,,,3,2,1,2,0,5,,Apolar,2,,,,,,,,,
172,l5nQx74NxY,"2022-01-14 13:03:49",379,Alphaville,luiz.rodrigues@apolaralphaville.com.br,iury.lopes@apolarpersonnalite.com.br,"20 Rua Iapó, , 83327-075",,2021-01-06,"D J I - Assessoria Imobiliária Ltda",,,46,2,2,1,0,0,,Apolar,5,4199104289,,,,,,,,
171,m72Npy5Qwv,"2021-04-14 17:23:27",378,Aris,,,,,2020-12-17,,,,15,0,0,0,0,3,,Outros,0,,,,,,,,,
169,7oOjDmErB9,"2020-12-16 14:05:56",376,Bys,,,,,2020-12-16,,,,0,0,0,0,0,0,,Outros,0,,,,,,,,,
168,ObEjEm3jK5,"2020-12-02 12:46:02",375,"Solange Carvalho",,,,,2020-12-02,,,,4,0,1,0,0,3,,Outros,0,,,,,,,,,
167,4YZjnmoQPv,"2020-12-02 12:09:57",374,"Samuel Martins",,,,,2020-12-02,,,,1,0,0,0,0,0,,Outros,0,,,,,,,,,
165,pPErya1rOn,"2020-11-28 10:25:30",372,Uberaba,,,,,2020-11-28,,,,3,2,1,3,0,1,,Apolar,3,,,,,,,,,
163,X9EjVPkNo2,"2020-11-26 16:53:31",370,Davila,,,,,2020-11-26,,,,4,0,0,0,0,0,,Outros,0,,,,,,,,,
162,3GDN1MqNeq,"2020-11-25 17:28:15",369,Schneider,,,,,2020-11-25,,,,4,0,0,0,0,1,,Outros,1,,,,,,,,,
161,6b1rAldjKk,"2020-11-23 15:24:29",368,"Sabrina Iglesias",,,,,2020-11-23,,,,74,4,0,4,0,9,,Outros,13,,,,,,,,,
160,K68j9G8N2V,"2020-11-19 16:48:40",367,Pusch,,,,,2020-11-19,,,,10,0,0,0,0,1,,Outros,0,,,,,,,,,
159,DVarw5mQOR,"2020-11-12 10:35:33",366,Bys,,,,,2020-11-12,,,,3,0,0,0,0,2,,Outros,0,,,,,,,,,
158,L5MjK9wN0k,"2022-01-14 13:17:34",365,"B Vista",,,"256 Rua Arary Souto, , 82620-010",,2020-11-06,,,,271,5,1,7,0,22,,Apolar,20,4133560045,,,,,,,,
157,VX9Qow0QwY,"2020-11-05 17:40:14",364,Firenze,,,,,2020-11-05,,,,11,1,0,1,0,1,,Outros,1,,,,,,,,,
156,JDXQ89PjYR,"2020-10-29 15:29:00",363,"Roberto Bollbuck",,,,,2020-10-29,,,,0,0,0,0,0,1,,Outros,0,,,,,,,,,
155,q3kjZ5EQ6V,"2020-10-15 10:04:44",362,"Gregory Wall",,,,,2020-10-15,,,,1,0,0,0,0,0,,Outros,0,,,,,,,,,
154,698rdlnrZw,"2020-10-14 15:49:18",361,Paysage,,,,,2020-10-14,,,,1,0,0,0,0,2,,Outros,0,,,,,,,,,
153,K2ejl73Qo9,"2020-09-30 16:56:20",360,"Morada Nova",,,,,2020-09-30,,,,1,0,0,0,0,0,,Outros,0,,,,,,,,,
152,eykNOYBjDY,"2020-09-21 09:29:37",359,"Jefferson Arriva",,,,,2020-09-21,,,,1,0,0,0,0,0,,Outros,0,,,,,,,,,
151,lGArggkrmR,"2020-09-11 10:58:55",358,Offer,,,,,2020-09-11,,,,15,0,0,0,0,4,,Outros,0,,,,,,,,,
150,o6WQbbdQnB,"2021-01-13 13:26:21",357,Claude,,,,,2020-09-10,,,,7,1,0,0,1,0,,Outros,0,,,,,,"<p><strong>* Marcar somente para Augusto</strong></p>",,,
149,oaANBAwr1b,"2020-09-02 17:30:24",356,Olimpo,,,,,2020-09-02,,,,0,0,0,0,0,1,,Outros,0,,,,,,,,,
148,4PzQ4nJrJG,"2020-08-31 17:33:08",355,IMB,,,,,2020-08-31,,,,0,0,0,0,0,0,,Outros,0,,,,,,,,,
147,5m9N0nbjzq,"2020-09-03 16:27:48",354,"Saldanha Imoveis",,,,,2020-08-31,,,,2,0,0,0,0,0,,Outros,0,,,,,,,,,
146,4MXQJnxQZ6,"2020-08-26 16:46:17",353,Saldanha,,,,,2020-08-26,,,,1,0,0,0,0,0,,Outros,0,,,,,,,,,
145,DVWQWP3jZ4,"2020-08-05 14:44:41",352,Avellar,,,,,2020-08-05,,,,0,0,0,0,0,0,,Outros,0,,,,,,,,,
142,4AXQvOxjLY,"2020-06-09 16:18:54",349,"Casa Imóveis",,,,,2020-06-09,,,,4,0,0,0,0,2,,Outros,0,,,,,,,,,
141,53GN6BVNzx,"2020-08-24 12:38:40",348,A3+,,,,,2020-05-05,,,,3,0,0,0,0,1,,Outros,0,4135281571,,,,,,,,
140,M03rzaAj69,"2020-04-30 14:54:46",347,"Green House",,,,,2020-04-30,,,,8,0,0,0,0,0,,Outros,0,,,,,,,,,
139,LX6QaB7jZk,"2020-04-15 09:17:13",346,Somma,,,,,2020-04-15,,,,72,1,1,1,0,6,,Outros,1,,,,,,,,,
138,0DzjG1RNYp,"2020-04-06 16:00:54",345,Sym,,,,,2020-04-06,,,,15,0,0,0,0,4,,Outros,0,,,,,,,,,
136,JawrR1qj5k,"2020-10-28 17:24:24",343,Concept,,,"750 Avenida Água Verde, , 80620-200",,2020-03-13,,,,50,0,0,0,0,0,,Apolar,4,4130685600,,,,,,,,
135,kVXr7bbjJe,"2020-03-06 16:40:41",342,Lucimara,,,,,2020-03-06,,,,90,1,1,0,0,14,,Outros,0,,,,,,,,,
134,W0VNqn0Qml,"2020-03-06 16:36:55",341,SNP,,,,,2020-03-06,,,,17,0,0,0,0,1,,Outros,1,,,,,,,,,
133,W4yQkZ3NgP,"2020-03-06 16:36:42",340,Dicasa,,,,,2020-03-06,,,,7,1,0,2,0,2,,Outros,3,,,,,,,,,
132,B8qQPlnQ16,"2020-02-18 14:21:39",339,Vaticano,,,,,2020-02-18,,,,17,0,0,0,0,10,,Outros,0,,,,,,,,,
131,mloNLqnQM8,"2020-02-13 09:05:38",338,Planeja,,,,,2020-02-13,,,,14,1,1,0,0,2,,Outros,0,,,,,,,,,
130,oGWN5E9NlA,"2020-02-12 11:53:31",337,Particular,,,,,2020-02-12,,,,6,0,0,0,0,0,,Outros,2,,,,,,,,,
129,3xPjXAdrKG,"2020-02-12 08:41:47",336,Carmen,,,,,2020-02-12,,,,0,0,0,0,0,0,,Outros,0,,,,,,,,,
128,l5nQxe4jxY,"2020-02-12 08:41:39",335,"Paulo Souza",,,,,2020-02-12,,,,0,0,0,0,0,2,,Outros,0,,,,,,,,,
127,m72Npa5Qwv,"2020-02-10 16:41:39",334,"JC Amaral",,,,,2020-02-10,,,,16,0,0,0,0,0,,Outros,0,,,,,,,,,
126,4Z9Q2Dar2m,"2021-01-13 13:26:45",333,GreenVille,,,,,2020-02-08,,,,7,0,0,0,0,0,,Outros,2,,,,,,"<p><strong>* Marcar somente para Augusto</strong></p>",,,
124,ObEjEo3NK5,"2020-02-08 12:47:22",331,Cross,,,,,2020-02-08,,,,0,0,0,0,0,0,,Outros,0,,,,,,,,,
123,4YZjnMoQPv,"2020-02-08 09:36:20",330,Remax,,,,,2020-02-08,,,,4,0,0,0,0,1,,Outros,0,,,,,,,,,
122,PblNeaMNxw,"2020-02-06 16:58:46",329,Cross,,,,,2020-02-06,,,,1,0,0,0,0,0,,Outros,0,,,,,,,,,
121,pPEryn1NOn,"2020-02-06 14:32:02",328,Lais,,,,,2020-02-06,,,,0,0,0,0,0,0,,Outros,0,,,,,,,,,
120,DkMjm2qrvV,"2020-09-02 17:33:54",327,Aquilar,,,,,2020-02-03,,,,24,0,0,0,0,1,,Outros,0,,,,,,,,,
119,X9EjV2kjo2,"2020-02-07 18:48:05",326,"Seven Brokers",,,,,2020-02-03,EGLAYCI,,,24,0,0,0,0,7,,Outros,0,,,,,,,,,
118,3GDN1yqNeq,"2020-01-31 13:39:19",325,"Rose e Hadassa",,,,,2020-01-30,,,,4,0,0,0,0,0,,Outros,0,,,,,,,,,
117,6b1rALdjKk,"2020-01-31 13:39:34",324,Select,,,,,2020-01-30,,,,22,0,2,0,0,1,,Outros,0,,,,,,,,,
116,K68j9W8N2V,"2020-01-27 11:39:31",323,ABCR,,,,,2020-01-27,,,,0,0,0,0,0,0,,Outros,0,,,,,,,,,
115,DVarwRmjOR,"2020-01-28 12:59:54",322,Sevilha,,,,,2020-01-27,,,,3,0,0,0,0,0,,Outros,0,,,,,,,,,
114,L5MjKewN0k,"2020-10-28 17:34:11",321,"J Botanico",,,"475 Avenida Prefeito Omar Sabbag, , 80210-000",,2020-01-27,,,,2,0,0,1,0,0,,Apolar,1,4132623141,,,,,,,,
113,VX9QoW0QwY,"2020-01-24 13:49:56",320,Vitrine,,,"280 Rua São Pio X, , 80540-240",,2020-01-24,,,,0,1,8,0,0,3,,Vitrine,0,,,,,,,,,
112,JDXQ8MPjYR,"2020-01-23 15:36:23",319,Compromisso,,,,,2020-01-23,,,,0,0,26,0,0,1,,Outros,0,,,,,,,,,
111,q3kjZDEN6V,"2020-01-24 13:51:09",318,"Danielle Martini",,,,,2020-01-23,,,,2,0,0,0,0,0,,Outros,0,,,,,,,,,
110,698rdOnjZw,"2020-01-24 13:51:15",317,Facille,,,,,2020-01-23,,,,37,0,0,0,1,4,,Outros,0,,,,,,,,,
109,K2ejlv3No9,"2023-05-02 11:13:12",316,"LOPES Home VS",,,,,2020-01-22,,,,19,1,0,0,0,0,,Lopes,1,,,,,,,,,
108,eykNODBQDY,"2023-05-02 11:13:17",315,"LOPES Inova",,,,,2020-01-21,,,,439,1,7,0,0,73,,Lopes,0,,,,,,,"Mínimo de 35 fotos mesmo para ímóveis pequenos",,
107,lGArg9kQmR,"2020-01-24 13:51:26",314,London,,,,,2020-01-20,,,,7,0,0,0,0,1,,Outros,0,,,,,,,,,
106,o6WQbadNnB,"2020-01-24 13:51:50",313,"Link Lever",,,,,2020-01-17,,,,288,1,3,0,2,43,,Outros,0,,,,,,,,,
104,4PzQ40JQJG,"2020-01-24 13:52:21",311,Marcia,,,,,2020-01-17,,,,3,0,0,0,0,1,,Outros,0,,,,,,,,,
103,5m9N07brzq,"2020-12-18 14:44:32",310,J8,,,,,2020-01-16,,,,176,7,7,3,0,23,,Outros,10,,,,,,"<p><strong>* Preferencialmente para o Augusto</strong></p>",,,
102,4MXQJdxrZ6,"2021-01-13 13:23:47",309,"Bom Casa",,,,,2020-01-15,,,,46,0,0,0,0,16,,Outros,0,,,,,,"<p><strong>* N&atilde;o marcar para Renato</strong></p>",,,
101,DVWQW23NZ4,"2021-01-13 13:17:03",308,Boulevard,,,,,2020-01-15,,,,45,3,0,0,0,3,,Outros,3,,,,,,,"Fazer vários ângulos da fachada de perto e de longe",,
100,ka6jMGMN75,"2020-01-15 20:26:24",307,ABCR,,,,,2020-01-15,,,,4,0,0,0,0,0,,Outros,1,,,,,,,,,
99,q3kjZDVN6V,"2022-01-14 13:14:22",306,Xaxim,,,"30 Rua João Winter, , 81720-222",,2020-01-15,,,,181,11,0,2,0,15,,Apolar,8,4130785266,,,,,,,,
98,698rdO2jZw,"2022-01-14 13:01:57",305,VivaVille,,,"81 Rua Taquarí, , 83327-000",,2020-01-14,,,www.vivavilleimoveis.com.br,4,0,0,0,0,2,7492613000132,Outros,0,4135511000,,,,,,,,
97,K2ejlvONo9,"2020-01-14 15:53:23",304,Esfra,,,,,2020-01-14,,,,4,0,0,0,0,0,,Outros,0,,,,,,,,,
96,eykNODvQDY,"2020-01-24 10:58:05",303,"A Santos",,,"610 Rua Castro, , 80620-300",,2019-09-13,"Almeida Santos",,www.almeidasantosimoveis.com.br,36,0,0,0,0,9,,Outros,0,,,,,,,,,
95,lGArg97QmR,"2019-08-29 17:17:26",302,Soul,,,"Rua Teixeira Soares, 534",,2019-08-29,,,https://www.soulimoveis.com.br/,48,0,1,0,0,8,,Outros,0,,,,,,,,,
92,4PzQ40GQJG,"2019-05-17 15:41:57",301,Tha,,,"av do batel Avenida do Batel, , 80420-090",,2019-05-17,,,,0,0,0,0,0,1,,Outros,0,,,,,,,,,
91,5m9N07nrzq,"2019-05-17 20:18:22",300,"Mega House",,,,,,,,,0,0,0,0,0,0,,Nexus,0,,,,,,,,,
90,4MXQJddrZ6,"2019-05-09 19:14:45",299,"Big Tower",,,,,,,,,0,0,0,0,0,0,,Nexus,0,,,,,,,,,
89,DVWQW2RNZ4,"2019-05-09 19:14:38",298,Select,,,,,,,,,0,0,0,0,0,0,,Nexus,0,,,,,,,,,
88,ka6jMGoN75,"2019-05-09 19:14:30",297,RRDi,,,,,,,,,0,0,0,0,0,0,,Nexus,0,,,,,,,,,
87,P74QY8bNBE,"2021-01-27 17:15:54",296,Madero,,,,,,,,,258,3,12,1,2,47,,Nexus,1,,,,,,,"Imobiliária pede para fazer bastante fotos, mesmo em imóveis pequenos.",,
86,4AXQvvaQLY,"2019-05-09 19:14:15",295,Invex,,,,,,,,,0,0,0,0,0,0,,Bee,0,,,,,,,,,
85,53GN69vrzx,"2019-05-09 19:14:12",294,FG,,,,,,,,,0,0,0,0,0,0,,Bee,0,,,,,,,,,
84,M03rzEbj69,"2019-05-09 19:14:08",293,Elite,,,,,,,,,0,0,0,0,0,0,,Bee,0,,,,,,,,,
83,LX6QaLwNZk,"2019-05-09 19:14:04",292,BCG,,,,,,,,,0,0,0,0,0,0,,Bee,0,,,,,,,,,
82,0DzjGXarYp,"2019-05-09 19:14:00",291,"Rede Bee",,,,,,,,,0,0,0,0,0,0,,Bee,0,,,,,,,,,
81,kOGQ3ogQln,"2019-05-09 19:13:56",290,Amppliata,,,,,,,,,0,0,0,0,0,0,,Bee,0,,,,,,,,,
80,JawrRRJr5k,"2019-05-09 19:13:48",289,Uniterras,,,,,,,,,0,0,0,0,0,0,,Bee,0,,,,,,,,,
79,kVXr7nxjJe,"2019-05-09 19:13:43",288,TWA,,,,,,,,,0,0,0,0,0,0,,Bee,0,,,,,,,,,
78,W0VNqy8Nml,"2019-05-09 19:13:39",287,Toyo,,,,,,,,,0,0,0,0,0,0,,Bee,0,,,,,,,,,
77,W4yQk34QgP,"2019-05-09 19:13:35",286,Tantus,,,,,,,,,234,14,9,5,0,29,,Bee,19,,,,,,,,,
76,B8qQPyZj16,"2019-05-09 19:13:31",285,Roma,,,,,,,,,4,0,1,1,0,0,,Bee,1,,,,,,,,,
75,mloNL2GjM8,"2019-05-09 19:13:27",284,Rocco,,,,,,,,,0,0,0,0,0,0,,Bee,0,,,,,,,,,
74,oGWN5eqNlA,"2019-05-09 19:13:22",283,Polatti,,,,,,,,,0,0,0,0,0,0,,Bee,0,,,,,,,,,
73,3xPjX7YQKG,"2019-05-09 19:13:18",282,Paraiso,,,,,,,,,0,0,1,0,0,0,,Bee,0,,,,,,,,,
72,l5nQx1LjxY,"2019-05-09 19:13:14",281,OutraSul,,,,,,,,,0,0,0,0,0,0,,Bee,0,,,,,,,,,
71,m72NpJojwv,"2019-05-09 19:13:10",280,Otimoveis,,,,,,,,,0,0,0,0,0,0,,Bee,0,,,,,,,,,
70,4Z9Q2G9j2m,"2019-05-09 19:13:06",279,Norvalpa,,,,,,,,,5,0,0,0,0,2,,Bee,0,,,,,,,,,
69,7oOjD1drB9,"2019-05-09 19:13:00",278,Muralha,,,,,,,,,50,0,16,0,0,7,,Bee,0,,,,,,,,,
68,ObEjEpOQK5,"2019-05-09 19:12:55",277,Mota,,,,,,,,,24,0,0,0,0,2,,Bee,0,,,,,,,,,
67,4YZjnnDjPv,"2019-05-09 19:12:47",276,"MF França",,,,,,,,,0,0,0,0,0,0,,Bee,0,,,,,,,,,
66,PblNe86rxw,"2019-05-09 19:12:43",275,L7,,,,,,,,,62,0,9,0,0,8,,Bee,0,,,,,,,,,
65,pPErydWjOn,"2019-05-09 19:12:38",274,Josue,,,,,,,,,4,0,0,1,0,1,,Bee,1,,,,,,,,,
64,DkMjmvwrvV,"2019-05-09 19:12:34",273,JLA,,,,,,,,,0,0,0,0,0,0,,Bee,0,,,,,,,,,
63,X9EjVzXjo2,"2019-05-09 19:12:13",272,Jamaica,,,,,,,,,0,0,0,0,0,0,,Bee,0,,,,,,,,,
62,3GDN1ZmQeq,"2019-05-09 19:12:08",271,Invebras,,,,,,,,,71,0,0,0,0,5,,Bee,0,,,,,,,,,
61,6b1rA8KjKk,"2019-05-09 19:12:03",270,Gomes,,,,,,,,,0,0,0,0,0,0,,Bee,0,,,,,,,,,
60,K68j92gr2V,"2019-05-09 19:11:48",269,Futura,,,,,,,,,16,0,0,0,0,0,,Bee,0,,,,,,,,,
59,DVarwKJrOR,"2019-05-09 19:11:43",268,Fadazan,,,,,,,,,0,0,0,0,0,0,,Bee,0,,,,,,,,,
58,L5MjKqxN0k,"2019-05-09 19:11:39",267,Diniz,,,,,,,,,0,0,0,0,0,0,,Bee,0,,,,,,,,,
57,VX9QoZeNwY,"2019-05-09 19:11:34",266,Construa,,,,,,,,,20,0,0,1,0,0,,Bee,4,,,,,,,,,
56,JDXQ8E0jYR,"2019-05-09 19:11:28",265,Cezar,,,,,,,,,0,0,0,0,0,0,,Bee,0,,,,,,,,,
55,q3kjZ2Vj6V,"2019-05-09 19:11:25",264,Casteval,,,,,,,,,11,0,1,0,0,2,,Bee,0,,,,,,,,,
54,698rd32jZw,"2019-05-09 19:11:20",263,"Casa Real",,,,,,,,,16,0,2,0,0,2,,Bee,0,,,,,,,,,
53,K2ejl6ONo9,"2019-05-09 19:11:16",262,Burgman,,,,,,,,,0,0,0,0,0,0,,Bee,0,,,,,,,,,
52,eykNOwvNDY,"2019-05-09 19:10:59",261,BMX,,,,,,,,,0,0,0,0,0,0,,Bee,0,,,,,,,,,
51,lGArg57QmR,"2019-05-09 19:10:54",260,"Bella Torre",,,,,,,,,34,0,0,0,0,2,,Bee,0,,,,,,,,,
50,o6WQbJ5QnB,"2019-05-09 19:09:55",259,Andrade,,,,,,,,,0,0,0,0,0,0,,Bee,0,,,,,,,,,
49,oaANBE1r1b,"2019-05-09 19:09:51",258,Alvitar,,,,,,,,,0,0,0,0,0,0,,Bee,0,,,,,,,,,
48,4PzQ4yGjJG,"2019-05-09 19:09:47",257,"A Fortiori",,,,,,,,,4,0,0,0,0,0,,Bee,0,,,,,,,,,
47,5m9N0onrzq,"2019-05-09 19:09:37",256,"P Branco",,,,,,,,,1,0,0,1,0,0,,Apolar,1,,,,,,,,,
46,4MXQJEdNZ6,"2019-05-09 19:09:33",255,"P Grossa",,,,,,,,,0,0,0,0,0,0,,Apolar,0,,,,,,,,,
45,DVWQWRRNZ4,"2019-05-09 19:09:29",254,Guarapuava,,,,,,,,,0,0,0,0,0,1,,Apolar,0,,,,,,,,,
44,ka6jMnor75,"2019-05-09 19:09:25",253,Londrina,,,,,,,,,0,0,0,0,0,0,,Apolar,0,,,,,,,,,
43,P74QYbjBEm,"2019-05-09 19:09:21",252,Joinville,,,,,,,,,0,0,0,0,0,0,,Apolar,0,,,,,,,,,
42,4AXQvaNLYp,"2019-05-09 19:09:17",251,Itapoa,,,,,,,,,0,0,0,0,0,0,,Apolar,0,,,,,,,,,
41,53GN6vNzxo,"2019-05-09 19:09:13",250,Guaratuba,,,,,,,,,0,0,0,0,0,0,,Apolar,0,,,,,,,,,
40,M03rzbr69d,"2019-05-09 19:09:04",249,Garuva,,,,,,,,,0,0,0,0,0,0,,Apolar,0,,,,,,,,,
39,LX6QawrZk4,"2019-05-09 19:08:57",248,Caioba,,,,,,,,,0,0,0,0,0,0,,Apolar,0,,,,,,,,,
38,0DzjGaNYp1,"2019-05-09 19:08:52",247,Camboriu,,,,,,,,,3,0,0,0,0,0,,Apolar,0,,,,,,,,,
37,kOGQ3gQlnA,"2019-05-09 19:08:48",246,Betaras,,,,,,,,,1,0,0,0,0,0,,Apolar,0,,,,,,,,,
36,JawrRJr5kq,"2019-05-09 19:08:44",245,Antonina,,,,,,,,,0,0,0,0,0,0,,Apolar,0,,,,,,,,,
35,kVXr7xNJed,"2019-05-09 19:08:39",244,"Real Estate",,,,,,,,,1,0,1,1,0,1,,Apolar,1,,,,,,,,,
34,W0VNq8rmlK,"2019-05-09 19:08:32",243,Visconde,,,,,,,,,101,0,0,1,0,12,,Apolar,1,,,,,,,,,
33,W4yQk4jgPK,"2022-04-25 16:53:50",242,"C Imbuia",marcelo.asth@apolartaruma.com.br,,"154 Rua Ronald José Carboni, , 82810-120",,,,"Mudou nome: de ""Taruma"" para ""Capão da Imbuia"" (no sistema foi dia 25/04/2022)",,0,1,0,0,0,0,,Apolar,0,4130275050,,,,,,,,
32,B8qQPZr16n,"2022-01-14 13:11:52",241,SJPinhais,,,"170 Rua Voluntários da Pátria, , 83005020",,,,,,119,0,0,5,0,2,,Apolar,21,4132833300,,,,,"<p><strong>* Registrar tudo por email</strong></p>
<p><strong>* Anotar todos os detalhes </strong></p>
<p><strong>(caso da Ref. 931.536)</strong></p>",,,
31,mloNLGrM8p,"2022-01-14 13:09:02",240,Seminario,,,"30 Rua Teixeira Soares, , 80240-440",,,,,,132,4,1,0,0,17,,Apolar,8,4132703700,,,,,"<p><strong>* Se corretora Kathia = n&atilde;o marcar para Lazaro</strong></p>",,,
30,oGWN5qNlAe,"2023-09-15 15:09:25",239,"S Quiteria",,,"1320 Rua Professor Ulisses Vieira, , 80310-120",,,,,,70,0,0,0,0,7,,Apolar,0,4130184130,,,,,"<p>ATEN&Ccedil;&Atilde;O A CONFER&Ecirc;NCIA DOS DADOS</p>","(1) Sempre consultar gerência da franquia antes de qualquer decisão. (2) Fazer WC também com angulo inclinado para baixo, mostrando mobilias e louças.",,
29,3xPjXYrKGE,"2022-01-14 13:19:12",238,"S Felicidade",,,"63 Rua Via Veneto, , 82020-470",,,,,,85,1,0,5,0,12,,Apolar,9,4133726364,,,,,,,,
28,l5nQxLQxYX,"2022-01-14 13:13:12",237,"S Candida",,,"77 Estrada de Santa Cândida, , 82630-490",,,,,,148,2,1,2,0,6,,Apolar,10,4132536999,,,,,,,,
27,m72NporwvZ,"2022-01-14 13:18:39",236,Pinhais,,,"212 Avenida Camilo di Lellis, , 83323-000",,,,,,228,2,0,9,0,0,,Apolar,30,4136613232,,,,,,,,
26,4Z9Q29N2mo,"2022-01-14 13:19:48",235,Pilarzinho,,,"2245 Avenida Desembargador Hugo Simas, , 80520-250",,,,,,65,2,0,4,0,1,,Apolar,14,4130234949,,,,,,,,
25,7oOjDdjB9A,"2020-10-28 17:40:40",234,Merces,,,"750 Avenida Manoel Ribas, , 80510-020",,,,,,103,4,1,3,0,6,,Apolar,8,4130143031,,,,,,,,
24,ObEjEONK5p,"2019-05-09 19:07:33",233,Lancamentos,,,,,,,,,0,0,0,0,0,1,,Apolar,0,,,,,,,,,
23,4YZjnDNPvl,"2021-01-13 13:21:40",232,Kennedy,,,"3933 Avenida Presidente Kennedy, , 80610-010",,,,,,157,3,0,0,0,8,,Apolar,2,4130188485,,,,,"<p><strong>* Se for da corretora Guiomar: n&atilde;o quer Lazaro</strong></p>",,,
22,PblNe6QxwL,"2020-10-28 17:35:50",231,Juveve,,,"671 Rua Alberto Bolliger, , 80030-280",,,,,,65,2,0,1,0,3,,Apolar,4,4132508444,,,,,,,,
21,pPEryWQOnV,"2020-10-28 17:35:19",230,"J Social",,,"1258 Rua Raphael Papa, , 82530-190",,,,,,115,4,1,2,0,6,,Apolar,11,4130930003,,,,,,,,
20,DkMjmwNvV6,"2020-10-28 17:33:45",229,"J Americas",,,"1023 Avenida Coronel Francisco H. dos Santos, , 81530-000",,,,,,153,3,0,0,0,14,,Apolar,9,4132672060,,,,,,,,
19,X9EjVXNo2K,"2023-01-05 15:11:32",228,"A Pena",,,"2560 Rua Const. Moro Sobrinho, Lj 02",,,,,,2,0,0,2,0,0,,Apolar,2,4133831556,,,,,,,,
18,3GDN1mNeqP,"2020-10-28 17:26:23",227,Hauer,,,"1017 Rua Waldemar Kost, , 81630-180",,,,,,94,4,0,0,0,10,,Apolar,4,4133711200,,,,,,,,
17,6b1rAKQKkA,"2020-10-28 17:25:57",226,Fazendinha,,,"224 Rua Carlos Klemtz, Lj 01, 81320-000",,,,,,75,1,0,0,0,4,,Apolar,2,4135273006,,,,,,,,
16,K68j9gN2V7,"2020-10-28 17:25:16",225,Ecoville,,,"3291 Alameda Júlia da Costa, , 80730-095",,,,,,87,2,0,1,0,6,,Apolar,6,4133366200,,,,,,,,
15,DVarwJjORP,"2020-10-28 17:20:21",224,Colombo,,,"1478 Avenida Marginal José de Anchieta, , 83408-010",,,,,,692,1,0,13,0,0,,Apolar,61,4136639090,,,,,,,,
14,L5MjKxr0kq,"2020-10-27 18:49:22",223,Champagnat,,,"1148 Alameda Presidente Taunay, , 80430-000",,,,,,97,0,0,3,0,10,,Apolar,8,4133357190,,,,,,,,
13,VX9QoerwYv,"2021-01-13 13:19:42",222,Centro,,,"441 Rua Conselheiro Laurindo, , 80060-100",,,,,,306,18,6,12,0,29,,Apolar,27,4133205858,,,,,,"Atenção com bagunça e objetos na cena",,
12,JDXQ80QYRl,"2020-10-27 18:48:02",221,"C Raso",,,"936 Avenida Winston Churchill, , 81130-000",,,,,,315,5,2,5,0,25,,Apolar,30,4132123000,,,,,,,,
11,q3kjZVj6Vb,"2020-10-27 18:47:06",220,"C Largo",,,"1149 Rua Xavier da Silva, , 83601-010",,,,,,269,0,0,1,0,0,,Apolar,1,4133934058,,,,,,,,
10,698rd2QZwd,"2021-01-14 10:27:22",219,"C Comprido",,,"1173 Rua Professor João Falarz, Lj 07, 81280-270",,,,,,130,3,2,1,0,9,,Apolar,5,4133205880,,,,,<p><strong>&nbsp;</strong></p>,"Atenção com bagunça e objetos na cena",,
9,K2ejlOQo9B,"2021-01-13 13:19:54",218,"C Civico",,,"678 Rua Marechal Hermes, Lj 02, 80530-230",,,,,,54,1,0,1,0,3,,Apolar,4,4130159339,,,,,,"Atenção com bagunça e objetos na cena",,
8,eykNOvrDY3,"2020-10-27 18:43:24",217,Boqueirao,,,"1685 Rua Maestro Carlos Frank, , 81750-323",,,,,,117,0,0,0,0,11,,Apolar,0,4130931212,,,,,,,,
7,lGArg7rmR6,"2020-10-27 18:42:51",216,Batel,,,"873 Avenida Vicente Machado, , 80420-011",,,,,,113,4,0,5,0,2,,Apolar,14,4132220310,,,,,,,,
6,o6WQb5NnBZ,"2020-10-27 18:41:43",215,Bacacheri,,,"679 Rua Nicarágua, , 82510-170",,,,,,71,3,2,2,0,5,,Apolar,10,4133564443,,,,,,,,
5,oaANB1r1by,"2020-10-27 18:41:17",214,Araucaria,,,"931 Rua Major Sezino Pereira de Souza, , 83702-270",,,,,,1,0,0,1,0,1,,Apolar,1,4136437000,,,,,,,,
4,4PzQ4GNJGV,"2020-10-27 18:40:29",213,"Alto da XV",,,"1212 Rua Itupava, , 80045-330",,,,,,113,5,1,4,0,12,,Apolar,13,4133622401,,,,,,,,
3,5m9N0njzqk,"2022-01-14 13:05:39",212,Ahu,adm@apolarahu.com.br,madelon.schizzi@apolarahu.com.br,"1468 Avenida Anita Garibaldi, , 82200-700",,,,,,0,1,0,0,0,0,7621679000185,Apolar,0,4132507100,,,,,,,,
2,4MXQJdrZ6v,"2023-10-18 03:12:40",211,"A Verde",apolaraguaverde@1.com,,"1325 Avenida Rep. Argentina, , 80620-010",,,,,,170,6,1,4,0,23,,Apolar,16,4132701600,,,,,,,,
1,DVWQWRNZ49,"2020-10-27 18:38:27",210,"A Tamandare",rafael.casagrande@apolaralmirantetamandare.com.br,thais.casagrande@apolaralmirantetamandare.com.br,"323 Avenida Emílio Johnson, Lj 02, 83501-000",,,"ALMIRANTE TAMANDARE
13.564.607/0001-46
Avenida Emílio Johnson,323 Loja 02
APOLAR ALMIRANTE TAMANDARE
Vila Santa Terezinha
ALMIRANTE TAMANDARE
83501-000",,,61,0,0,0,0,0,,Apolar,0,4135379669,,,,,,,,